molecule	atoms	support	enum_mean_s	enum_std_s	decoder_mean_s	decoder_std_s	determinized_decoder_mean_s	determinized_decoder_std_s	rdkit_half_mean_s	rdkit_half_std_s	rdkit_half_draw_mean	rdkit_half_draw_std	rdkit_full_mean_s	rdkit_full_std_s	rdkit_full_draw_mean	rdkit_full_draw_std
CC(=O)Oc1ccccc1C(=O)O	13	304	0.0055641928504753324	0.00016882954390050223	0.03307060555588188	0.004212534816432865	0.026836593302765062	0.0014693572236978707	0.003938448715156743	0.00026810851487139327	230	18.752777572046938	0.052567828130642216	0.015287219194716341	3086.714285714286	921.832543412977
C1CC2(CCO1)CO2	8	36	0.0022365727012843956	3.291151661177127e-05	0.0067937037092633545	0.0009567398906571455	0.007337793566486133	0.0010243947386940897	0.0002968504309787282	4.747399735041602e-05	23	1.8257418583505538	0.002022432570811361	0.0003979026230154045	155.57142857142858	35.795051533497116
CN1CCC[C@H]1c1cccnc1	12	136	0.013570430854867612	0.0006805151264154496	0.10926017186804009	0.007046138965839331	0.10845091800937164	0.007348115475088755	0.0017367287239591991	0.00015996984084934784	97.42857142857143	8.715066319448232	0.017452250001952052	0.0030297359600602388	987.8571428571429	169.91314307750355
CNC(=O)O/N=C(\C)SC	10	72	0.007979102856812201	0.0007371280387814117	0.08581587457696774	0.005381083808907551	0.07986609601149601	0.00046528605261462845	0.0005339681353819158	1.9747714752557825e-05	44.142857142857146	2.4784787961282104	0.005773890863305756	0.0014261896825598056	483	122.30699080592245
N[C@@H](Cc1ccc(O)c(O)c1)C(=O)O	14	688	0.0302712072734721	0.00016664672002679267	0.5771207834394383	0.025783185734691454	0.5580097982726459	0.01613395755542956	0.009836800562750016	0.00021617278263962535	514.2857142857143	12.893335303097304	0.15108005271758884	0.04796559006413268	7946.714285714285	2448.577731002613
COc1ccc2cc([C@H](C)C(=O)O)ccc2c1	17	1504	0.067991554429422	0.0003730041470417513	1.5241979004266406	0.0216828105240825	1.5102572241365644	0.01932016291470281	0.026895084701079344	0.0008432219636650778	1143	34.02450097601237	0.603118145996372	0.10748909750238896	24406.285714285714	4916.17563811159
