molecule	atoms	support	enum_mean_s	enum_std_s	decoder_mean_s	decoder_std_s	determinized_decoder_mean_s	determinized_decoder_std_s	rdkit_half_mean_s	rdkit_half_std_s	rdkit_half_draw_mean	rdkit_half_draw_std	rdkit_full_mean_s	rdkit_full_std_s	rdkit_full_draw_mean	rdkit_full_draw_std
CC(=O)Oc1ccccc1C(=O)O	13	304	0.006238057444404278	0.00031196432364676225	0.06481794656221089	0.008753572722061813	0.031283727838724316	0.002369955249463301	0.004265478413019862	0.0004331744561695384	230	18.752777572046938	0.05978350656472945	0.019385521598785444	3086.714285714286	921.832543412977
C1CC2(CCO1)CO2	8	36	0.0030228992691263556	0.0002514213902227874	0.01849917384762583	0.000856700188166849	0.006233693724165538	0.0003779307222958536	0.0002856169843913189	1.2961546212164972e-05	23	1.8257418583505538	0.0018538872744621976	0.0004763713412889385	155.57142857142858	35.795051533497116
CN1CCC[C@H]1c1cccnc1	12	136	0.012116134008725308	0.00043509479034916997	0.11176312185956963	0.0014777780777249629	0.11456315285093817	0.006012017926500951	0.0017904978428435112	0.00017735133799819488	97.42857142857143	8.715066319448232	0.018106598989106715	0.0031663764923832547	987.8571428571429	169.91314307750355
CNC(=O)O/N=C(\C)SC	10	72	0.008021473709959537	0.00014874371084720899	0.09295766641818252	0.006818651104629639	0.08772846512562994	0.0017100310446348623	0.0005996462922277195	4.959649044217069e-05	44.142857142857146	2.4784787961282104	0.006197991015921746	0.0016545321845775611	483	122.30699080592245
N[C@@H](Cc1ccc(O)c(O)c1)C(=O)O	14	688	0.03290157443344859	0.0011977910706694823	0.6477683284319937	0.07286273607189564	0.593315929016431	0.03584405322431995	0.010029386296602232	0.00034218414591079917	514.2857142857143	12.893335303097304	0.15358800371177495	0.047287206147086584	7946.714285714285	2448.577731002613
COc1ccc2cc([C@H](C)C(=O)O)ccc2c1	17	1504	0.07168361386616848	0.0010971846792301083	1.5900256191380322	0.041248806296012144	1.5367016082745977	0.0238093679268174	0.027928205281828662	0.0006048257337660033	1143	34.02450097601237	0.5922769750052664	0.11564386012815914	24406.285714285714	4916.17563811159
