molecule	atoms	support	enum_mean_s	enum_std_s	decoder_mean_s	decoder_std_s	determinized_decoder_mean_s	determinized_decoder_std_s	rdkit_half_mean_s	rdkit_half_std_s	rdkit_half_draw_mean	rdkit_half_draw_std	rdkit_full_mean_s	rdkit_full_std_s	rdkit_full_draw_mean	rdkit_full_draw_std
CC(=O)Oc1ccccc1C(=O)O	13	304	0.007037416416486459	0.00029335287073137516	0.021210513576599106	0.0009854651128250686	0.019780953855453327	0.00028338336716344	0.004548715003433504	0.00043981778531066985	230	18.752777572046938	0.060783636573302956	0.01810808770974871	3086.714285714286	921.832543412977
C1CC2(CCO1)CO2	8	36	0.002705834706180862	0.00040682663691547397	0.0056271707040390796	0.00030412250919397994	0.004719888699972736	0.0004485161642519714	0.00032216343762619156	8.906942254028673e-05	23	1.8257418583505538	0.0021523368528245817	0.0004560905203748876	155.57142857142858	35.795051533497116
CN1CCC[C@H]1c1cccnc1	12	136	0.013701901147474669	0.0009849222978013522	0.06791274999600969	0.0030400214285832955	0.06935911828518979	0.002393495353778214	0.0019280005861738963	0.0001591854983754155	97.42857142857143	8.715066319448232	0.01990933540842629	0.003527193129003011	987.8571428571429	169.91314307750355
CNC(=O)O/N=C(\C)SC	10	72	0.00864287986353572	0.000910382743394604	0.05209556886360848	0.0012006847105146042	0.052859672445005605	0.001172891848517528	0.0006729268768270101	0.00010959359999847458	44.142857142857146	2.4784787961282104	0.006554869569039771	0.0018746722509539852	483	122.30699080592245
N[C@@H](Cc1ccc(O)c(O)c1)C(=O)O	14	688	0.0356001848537874	0.001475165200864559	0.29019552985638647	0.004672071301033267	0.29204212388555917	0.0042937914989481995	0.009871024721568184	0.0002365927776431629	514.2857142857143	12.893335303097304	0.1510744077220027	0.044626946715037766	7946.714285714285	2448.577731002613
COc1ccc2cc([C@H](C)C(=O)O)ccc2c1	17	1504	0.06941411685797252	0.0024701255307214925	0.8129139292951939	0.027500794308745875	0.7971619752934203	0.01075391212159273	0.027907115008149828	0.0007572135924056441	1143	34.02450097601237	0.6080135737263065	0.13322445802358227	24406.285714285714	4916.17563811159
