molecule	atoms	support	enum_mean_s	enum_std_s	decoder_mean_s	decoder_std_s	determinized_decoder_mean_s	determinized_decoder_std_s	rdkit_half_mean_s	rdkit_half_std_s	rdkit_half_draw_mean	rdkit_half_draw_std	rdkit_full_mean_s	rdkit_full_std_s	rdkit_full_draw_mean	rdkit_full_draw_std
CC(=O)Oc1ccccc1C(=O)O	13	304	0.005764692273390081	0.0004920971401072926	0.01066761086362281	5.552536911247159e-05	0.011160206440503575	0.00033039126236177844	0.004071244146741394	0.00032644260026199487	230	18.752777572046938	0.05525936027489869	0.016595776038768027	3086.714285714286	921.832543412977
C1CC2(CCO1)CO2	8	36	0.002266654561805938	4.959976110091244e-05	0.0034768448593760176	0.00013698932015403773	0.003203304434594299	8.555448264002102e-05	0.0002665301435627043	2.7369012758613368e-05	23	1.8257418583505538	0.001868555272397186	0.0004439484756549807	155.57142857142858	35.795051533497116
CN1CCC[C@H]1c1cccnc1	12	136	0.008414644723026348	0.00011760594996774833	0.010957683719295477	0.00012114339265029532	0.011210620852320321	0.002094217523441458	0.0017823952782366956	0.000173276437947827	97.42857142857143	8.715066319448232	0.018533140711952	0.003058166983903924	987.8571428571429	169.91314307750355
CNC(=O)O/N=C(\C)SC	10	72	0.005484317712086652	5.5942907893603586e-05	0.018001678707410713	0.0001405962738098828	0.016994666865295067	0.00010440311541512784	0.0005533894124839987	2.1993768205372213e-05	44.142857142857146	2.4784787961282104	0.0058679990054640386	0.0014912537217822012	483	122.30699080592245
N[C@@H](Cc1ccc(O)c(O)c1)C(=O)O	14	688	0.01411148113298363	8.576729809005583e-05	0.026861654295186912	0.00046912254239653116	0.02403554441739938	0.00022739784707522437	0.010011642007157207	0.00025159295595178927	514.2857142857143	12.893335303097304	0.15365718355003213	0.047441437479271695	7946.714285714285	2448.577731002613
COc1ccc2cc([C@H](C)C(=O)O)ccc2c1	17	1504	0.02821873886776822	0.00016667572838554293	0.05997865742704432	0.0012958932352564335	0.05413117413575362	0.0017089852698037313	0.02749972269936864	0.0008785635067221452	1143	34.02450097601237	0.5827817882860212	0.11785722610233608	24406.285714285714	4916.17563811159
