molecule	atoms	support	enum_mean_s	enum_std_s	decoder_mean_s	decoder_std_s	determinized_decoder_mean_s	determinized_decoder_std_s	rdkit_half_mean_s	rdkit_half_std_s	rdkit_half_draw_mean	rdkit_half_draw_std	rdkit_full_mean_s	rdkit_full_std_s	rdkit_full_draw_mean	rdkit_full_draw_std
CC(=O)Oc1ccccc1C(=O)O	13	304	0.005673378281894007	0.0002091376650537014	0.011775815418721842	0.0008481248161166409	0.011603445430020136	0.0005366845744913846	0.003918602572022272	0.0002929124707289224	230	18.752777572046938	0.05195830372394994	0.015504047649833829	3086.714285714286	921.832543412977
C1CC2(CCO1)CO2	8	36	0.002093969445143427	4.2100423697585284e-05	0.003253661703118788	8.54021556634404e-05	0.002979985429971878	7.346723495750265e-05	0.00025183428078889847	2.076454577423301e-05	23	1.8257418583505538	0.0019256359914184681	0.0005599146594445491	155.57142857142858	35.795051533497116
CN1CCC[C@H]1c1cccnc1	12	136	0.0078015921421216005	9.183799944429849e-05	0.010516344719300312	9.616886714170326e-05	0.009844375707741295	0.00012302808832730585	0.001701948989648372	0.0001487028975455692	97.42857142857143	8.715066319448232	0.017552114865143915	0.002875446986049833	987.8571428571429	169.91314307750355
CNC(=O)O/N=C(\C)SC	10	72	0.005283880721045924	7.38023417274882e-05	0.01753293615599562	8.187916715101366e-05	0.01723151484371296	0.0007044570370393104	0.0005185375755120601	2.0217344895464354e-05	44.142857142857146	2.4784787961282104	0.00550089542853779	0.0014091031154747466	483	122.30699080592245
N[C@@H](Cc1ccc(O)c(O)c1)C(=O)O	14	688	0.013548002852725663	0.00018167127575897815	0.0269485624407285	0.0003305573843400757	0.025232468723385994	0.0013458113270400206	0.010006671156068998	0.0010418294251260622	514.2857142857143	12.893335303097304	0.14843868701219826	0.046926987181593625	7946.714285714285	2448.577731002613
COc1ccc2cc([C@H](C)C(=O)O)ccc2c1	17	1504	0.027449165712044175	0.00014368259192556738	0.06025944527937099	0.00106586840596181	0.05852318228322214	0.011187214569467396	0.026162339998076538	0.0008443053285594883	1143	34.02450097601237	0.5630505628401546	0.11314555091419769	24406.285714285714	4916.17563811159
