molecule	atoms	support	enum_mean_s	enum_std_s	decoder_mean_s	decoder_std_s	determinized_decoder_mean_s	determinized_decoder_std_s	rdkit_half_mean_s	rdkit_half_std_s	rdkit_half_draw_mean	rdkit_half_draw_std	rdkit_full_mean_s	rdkit_full_std_s	rdkit_full_draw_mean	rdkit_full_draw_std
CC(=O)Oc1ccccc1C(=O)O	13	304	0.0055489191436208785	0.00019962153030487416	0.018051246147868887	0.0005881901639964526	0.01637534814653918	0.0005443735233074923	0.004076021274418703	0.00040875176556279437	230	18.752777572046938	0.05387847058175664	0.016311571605598547	3086.714285714286	921.832543412977
C1CC2(CCO1)CO2	8	36	0.0022418545808510055	0.00014189509092173255	0.004854435716489596	6.330900426177737e-05	0.004046209713643683	7.403346417642556e-05	0.00026520973603640286	3.0297621521018216e-05	23	1.8257418583505538	0.001787853003146925	0.0004385338785231657	155.57142857142858	35.795051533497116
CN1CCC[C@H]1c1cccnc1	12	136	0.00945847770032872	0.00031248707551311005	0.03723797613721607	0.0012919126792963703	0.03660832714688565	0.0008636845075805493	0.0017512125694858177	0.00017462020355580858	97.42857142857143	8.715066319448232	0.01775683114205354	0.0032390076224373065	987.8571428571429	169.91314307750355
CNC(=O)O/N=C(\C)SC	10	72	0.006666181550826877	0.00010616200067205013	0.03017323343582185	0.0009130451751295024	0.02900204257041748	0.0007785204362383244	0.000568815997602152	3.097814610517403e-05	44.142857142857146	2.4784787961282104	0.005823631288616785	0.0013992655640220767	483	122.30699080592245
N[C@@H](Cc1ccc(O)c(O)c1)C(=O)O	14	688	0.020567747997120023	0.0006997067817621776	0.14588741356939344	0.0009862759485895615	0.1437685916981926	0.0031806950839427133	0.01002552656323782	0.0004524355007972417	514.2857142857143	12.893335303097304	0.15134423842287756	0.046514751481730496	7946.714285714285	2448.577731002613
COc1ccc2cc([C@H](C)C(=O)O)ccc2c1	17	1504	0.044691052429178466	0.0007454319859467232	0.38337384386353995	0.004542324608971477	0.37607391856311423	0.004713693858036271	0.026858752003006105	0.0009007712803839738	1143	34.02450097601237	0.576856413141026	0.11251065080069104	24406.285714285714	4916.17563811159
