molecule	atoms	support	enum_mean_s	enum_std_s	decoder_mean_s	decoder_std_s	determinized_decoder_mean_s	determinized_decoder_std_s	rdkit_half_mean_s	rdkit_half_std_s	rdkit_half_draw_mean	rdkit_half_draw_std	rdkit_full_mean_s	rdkit_full_std_s	rdkit_full_draw_mean	rdkit_full_draw_std
CC(=O)Oc1ccccc1C(=O)O	13	304	0.005336088003657226	4.463135624169813e-05	0.0173305535572581	0.0004371450247084151	0.01688634670738663	0.00043946359643579096	0.004212364712397435	0.00036573130144509935	230	18.752777572046938	0.05499817813480539	0.01621611941590739	3086.714285714286	921.832543412977
C1CC2(CCO1)CO2	8	36	0.0023240221448109616	0.00025412815571070144	0.005000739424888577	8.479792816852416e-05	0.004307526147126087	0.00026863857800850773	0.0002666868718474039	2.6201046790358113e-05	23	1.8257418583505538	0.0017800610013572232	0.0004019197371101805	155.57142857142858	35.795051533497116
CN1CCC[C@H]1c1cccnc1	12	136	0.010401712988303708	0.0001419513498821204	0.04697409442659201	0.0022692851043876294	0.04500660855722215	0.0001495474808249821	0.001789309857745788	0.00016983113454985743	97.42857142857143	8.715066319448232	0.01787459386313068	0.003073283827603916	987.8571428571429	169.91314307750355
CNC(=O)O/N=C(\C)SC	10	72	0.007476697858822133	5.606348003070386e-05	0.03742512930018295	0.00047953714251499415	0.036719623437550454	0.00042760568206522316	0.0005314758579645838	1.6046419458570564e-05	44.142857142857146	2.4784787961282104	0.005682723430384483	0.0014416152972407407	483	122.30699080592245
N[C@@H](Cc1ccc(O)c(O)c1)C(=O)O	14	688	0.023441457439080944	8.698519507878278e-05	0.18503868143307045	0.0018475983159256645	0.18258542215750953	0.0012144544872984859	0.009748966582784695	0.00026543177396121993	514.2857142857143	12.893335303097304	0.15049025956873915	0.04731053070457554	7946.714285714285	2448.577731002613
COc1ccc2cc([C@H](C)C(=O)O)ccc2c1	17	1504	0.052141396287229975	0.0008098109735207126	0.5027344167132729	0.0026018592475643846	0.49878936985208255	0.0029952712966633617	0.02624092241915475	0.000807364810440289	1143	34.02450097601237	0.559342496712426	0.1125397888380407	24406.285714285714	4916.17563811159
