molecule	atoms	support	enum_mean_s	enum_std_s	decoder_mean_s	decoder_std_s	determinized_decoder_mean_s	determinized_decoder_std_s	rdkit_half_mean_s	rdkit_half_std_s	rdkit_half_draw_mean	rdkit_half_draw_std	rdkit_full_mean_s	rdkit_full_std_s	rdkit_full_draw_mean	rdkit_full_draw_std
CC(=O)Oc1ccccc1C(=O)O	13	304	0.00590988586191088	0.00015920100267989546	0.05244175013753453	0.0013192099939541473	0.026703898844841336	0.0008923746995473503	0.00420333184800776	0.00041075014624708886	230	18.752777572046938	0.05502830185495051	0.016358333930616045	3086.714285714286	921.832543412977
C1CC2(CCO1)CO2	8	36	0.002377595719216125	5.9300079885946285e-05	0.015875383562940572	0.0005624627367277016	0.005725664868285614	0.0001448885722112382	0.00027010000277576704	2.463556904981733e-05	23	1.8257418583505538	0.0018140254292770156	0.00040404056946943525	155.57142857142858	35.795051533497116
CN1CCC[C@H]1c1cccnc1	12	136	0.01194996472414849	0.0006962597685108869	0.11227340687764809	0.0021114246857836774	0.11451071929020275	0.0038091276640197405	0.0018571498803794384	0.0002702934861225191	97.42857142857143	8.715066319448232	0.018134843716065267	0.003079839964635055	987.8571428571429	169.91314307750355
CNC(=O)O/N=C(\C)SC	10	72	0.008450773569555687	0.0006123368756413836	0.08674846213710095	0.0011742486355869226	0.08825189413203459	0.0013950634042959591	0.0005538031525377716	1.964077596321891e-05	44.142857142857146	2.4784787961282104	0.005961888286817286	0.001462697350481536	483	122.30699080592245
N[C@@H](Cc1ccc(O)c(O)c1)C(=O)O	14	688	0.03231309327696051	0.001434418992512971	0.5855501523058463	0.009903250871655986	0.5816692219980594	0.007244791101544335	0.010230742436501064	0.00021716608498632405	514.2857142857143	12.893335303097304	0.1641961986980667	0.05129658168589722	7946.714285714285	2448.577731002613
COc1ccc2cc([C@H](C)C(=O)O)ccc2c1	17	1504	0.07453313257844586	0.001824720955032693	1.593279677002491	0.01933716969752025	1.565063949566268	0.021560682426518245	0.027099519992978976	0.0008186805638087584	1143	34.02450097601237	0.5790442697055239	0.11542656262899706	24406.285714285714	4916.17563811159
