molecule	atoms	support	enum_mean_s	enum_std_s	decoder_mean_s	decoder_std_s	determinized_decoder_mean_s	determinized_decoder_std_s	rdkit_half_mean_s	rdkit_half_std_s	rdkit_half_draw_mean	rdkit_half_draw_std	rdkit_full_mean_s	rdkit_full_std_s	rdkit_full_draw_mean	rdkit_full_draw_std
CC(=O)Oc1ccccc1C(=O)O	13	304	0.008421489985526673	0.0002739132202628377	0.05728670528956822	0.0017526683080358572	0.02903669643481927	0.0007734318731296431	0.004165490557040487	0.0004888252687028177	230	18.752777572046938	0.0547075681471532	0.016749174491142434	3086.714285714286	921.832543412977
C1CC2(CCO1)CO2	8	36	0.0029654912650585175	7.361572265522537e-05	0.017267302576718584	0.0012315282088809956	0.006353305710945278	0.0001558151920408524	0.00026494558135579737	2.498685828534374e-05	23	1.8257418583505538	0.0017497178549612208	0.0003993993945235455	155.57142857142858	35.795051533497116
CN1CCC[C@H]1c1cccnc1	12	136	0.011155110434629023	0.0005660004494482595	0.10744808499501753	0.001834236339091022	0.10376137657190806	0.001074461813623206	0.0017335617116519383	0.00016448894278053156	97.42857142857143	8.715066319448232	0.0175460757122242	0.0030520519132748525	987.8571428571429	169.91314307750355
CNC(=O)O/N=C(\C)SC	10	72	0.007532097415865532	2.561555919854063e-05	0.08154840400675312	0.0014297635670913334	0.07992569071107677	0.0006919575723684972	0.0005403051285871438	1.832138203528833e-05	44.142857142857146	2.4784787961282104	0.0059833338600583375	0.0015964468986093155	483	122.30699080592245
N[C@@H](Cc1ccc(O)c(O)c1)C(=O)O	14	688	0.030113396850148483	0.0003238047117220095	0.5446069044327098	0.00848840207082592	0.5363875467280325	0.002473140801553058	0.00968561285740829	0.00021329700690350483	514.2857142857143	12.893335303097304	0.15201721857634506	0.0497248484914818	7946.714285714285	2448.577731002613
COc1ccc2cc([C@H](C)C(=O)O)ccc2c1	17	1504	0.06634904414282314	0.00023010683271629416	1.477506214287132	0.006337021029601342	1.474138437570738	0.003758400350192976	0.026894434138999453	0.0007581616926116484	1143	34.02450097601237	0.5786742722682122	0.1186193386045309	24406.285714285714	4916.17563811159
