molecule	atoms	support	enum_mean_s	enum_std_s	decoder_mean_s	decoder_std_s	determinized_decoder_mean_s	determinized_decoder_std_s	rdkit_half_mean_s	rdkit_half_std_s	rdkit_half_draw_mean	rdkit_half_draw_std	rdkit_full_mean_s	rdkit_full_std_s	rdkit_full_draw_mean	rdkit_full_draw_std
CC(=O)Oc1ccccc1C(=O)O	13	304	0.005621437016608459	0.0004789781691493576	0.016943962712373053	0.0002739677728350803	0.0161914969877606	0.00035825068286789977	0.003961260704922357	0.00030968760483959893	230	18.752777572046938	0.05260653285742072	0.01576606398307307	3086.714285714286	921.832543412977
C1CC2(CCO1)CO2	8	36	0.0022327048437935965	1.8329997171808786e-05	0.0049864742904901505	0.00020233393748872688	0.004040437276541654	7.74552822558726e-05	0.0002565405614274953	2.397160137851457e-05	23	1.8257418583505538	0.0017260484330888306	0.0003866155314742697	155.57142857142858	35.795051533497116
CN1CCC[C@H]1c1cccnc1	12	136	0.009667794153626477	0.00010484263839394759	0.04045327684642481	0.00013542553422224768	0.040041649855473746	0.00025647679135504947	0.0016687461507639714	0.00015524490771313216	97.42857142857143	8.715066319448232	0.017249890436817492	0.0027745956096708164	987.8571428571429	169.91314307750355
CNC(=O)O/N=C(\C)SC	10	72	0.0068047371376971045	7.475155866539214e-05	0.033376891274071695	0.00018448420187017076	0.03314688771830073	0.00020553952500468805	0.0005417937229919646	2.8655172732182062e-05	44.142857142857146	2.4784787961282104	0.005632781140905406	0.0014297796715473045	483	122.30699080592245
N[C@@H](Cc1ccc(O)c(O)c1)C(=O)O	14	688	0.022050920566211323	0.0002567986840396515	0.17369977042212018	0.0016762384866015382	0.16854311700444669	0.0011710595323767632	0.009490612569996821	0.00021213687401762222	514.2857142857143	12.893335303097304	0.14649037357386469	0.04472199253695398	7946.714285714285	2448.577731002613
COc1ccc2cc([C@H](C)C(=O)O)ccc2c1	17	1504	0.04800013586645946	0.0004419262605022223	0.46024776585233795	0.0036366182576725494	0.45466100570878815	0.0014851091366297063	0.02610356472099998	0.0007294614780634021	1143	34.02450097601237	0.5596364775722448	0.11633999665425376	24406.285714285714	4916.17563811159
