molecule	atoms	support	enum_mean_s	enum_std_s	decoder_mean_s	decoder_std_s	determinized_decoder_mean_s	determinized_decoder_std_s	rdkit_half_mean_s	rdkit_half_std_s	rdkit_half_draw_mean	rdkit_half_draw_std	rdkit_full_mean_s	rdkit_full_std_s	rdkit_full_draw_mean	rdkit_full_draw_std
CC(=O)Oc1ccccc1C(=O)O	13	304	0.010605355849423046	0.00023016485423908568	0.03613876357641337	0.0022176282277380074	0.03425018072760265	0.0022798862617286024	0.004059698565730027	0.0003878722525427432	230	18.752777572046938	0.05515943473437801	0.018169123747515645	3086.714285714286	921.832543412977
C1CC2(CCO1)CO2	8	36	0.0022885954323490815	3.200812152178788e-05	0.004864178007535104	7.918101593287333e-05	0.004021908996427166	5.415989054413437e-05	0.00026488571061885783	2.255162057402632e-05	23	1.8257418583505538	0.0017447878490202129	0.00041304775412348874	155.57142857142858	35.795051533497116
CN1CCC[C@H]1c1cccnc1	12	136	0.011898327427583613	0.0011385951863768535	0.0580511984298937	0.0031257094345324764	0.056174828280096074	0.0017037333738901548	0.00176323699997738	0.00016527431114749598	97.42857142857143	8.715066319448232	0.018122668577624217	0.0038543953098973916	987.8571428571429	169.91314307750355
CNC(=O)O/N=C(\C)SC	10	72	0.007420018140692264	0.0001327003269064029	0.04274623526725918	0.0020125968297714947	0.04344809329735914	0.00237813657342637	0.000540898006875068	1.98875505549983e-05	44.142857142857146	2.4784787961282104	0.005690536428509014	0.0014224690908778038	483	122.30699080592245
N[C@@H](Cc1ccc(O)c(O)c1)C(=O)O	14	688	0.028955333433779224	0.0016867778061805216	0.2674942011446027	0.001717565504908325	0.26285693284756106	0.004596456963448118	0.009658339142333716	0.00025110506257396874	514.2857142857143	12.893335303097304	0.14908075528053036	0.04475914896176326	7946.714285714285	2448.577731002613
COc1ccc2cc([C@H](C)C(=O)O)ccc2c1	17	1504	0.06366186456788066	0.0032287467473928653	0.7103349665745294	0.009085948672593781	0.6924928119821873	0.0070178536834831955	0.027115981859554137	0.0009898973345323205	1143	34.02450097601237	0.5755836125546401	0.11144179709078134	24406.285714285714	4916.17563811159
