molecule	atoms	support	enum_mean_s	enum_std_s	decoder_mean_s	decoder_std_s	determinized_decoder_mean_s	determinized_decoder_std_s	rdkit_half_mean_s	rdkit_half_std_s	rdkit_half_draw_mean	rdkit_half_draw_std	rdkit_full_mean_s	rdkit_full_std_s	rdkit_full_draw_mean	rdkit_full_draw_std
CC(=O)Oc1ccccc1C(=O)O	13	304	0.006469442575637784	0.001195979908166415	0.02791042043827474	0.0012796227331122074	0.026130683146350617	0.001504087826863004	0.003970202291384339	0.00031709618256356914	230	18.752777572046938	0.05436654599283689	0.016381738766604512	3086.714285714286	921.832543412977
C1CC2(CCO1)CO2	8	36	0.002143680417378034	2.9856756454966612e-05	0.006433863708350275	0.00017161909245881287	0.005377090145235083	0.0003329968287798884	0.00026302257486219915	2.7714261322724035e-05	23	1.8257418583505538	0.001734595138779176	0.0004047338564659298	155.57142857142858	35.795051533497116
CN1CCC[C@H]1c1cccnc1	12	136	0.011636678146065347	0.0011961856988299312	0.10729877928471458	0.0015642995611065223	0.10555161529087595	0.0006190104666702084	0.002082881143516196	0.0009157603104539068	97.42857142857143	8.715066319448232	0.01763873185596562	0.0027871824099502214	987.8571428571429	169.91314307750355
CNC(=O)O/N=C(\C)SC	10	72	0.007522037851491145	9.815933694014399e-05	0.08296629399826218	0.001117170447333971	0.08144336957983407	0.0014774845609212535	0.0005345257231965661	2.1150489358478902e-05	44.142857142857146	2.4784787961282104	0.005614395727336939	0.0014085401366197318	483	122.30699080592245
N[C@@H](Cc1ccc(O)c(O)c1)C(=O)O	14	688	0.031136781717317978	0.0015009320290843182	0.5617239567135195	0.006344672497538644	0.5526787397268761	0.003673213445168827	0.009875430999922432	0.0008778049970719288	514.2857142857143	12.893335303097304	0.1519119324262387	0.04881876524024212	7946.714285714285	2448.577731002613
COc1ccc2cc([C@H](C)C(=O)O)ccc2c1	17	1504	0.06948928842653654	0.0012927231244986845	1.5175570544254566	0.007440080321079414	1.5369122558539468	0.01911819165826156	0.027195116272196174	0.0016431515158252666	1143	34.02450097601237	0.5859504632784852	0.11648833275076721	24406.285714285714	4916.17563811159
