molecule	atoms	support	enum_mean_s	enum_std_s	decoder_mean_s	decoder_std_s	determinized_decoder_mean_s	determinized_decoder_std_s	rdkit_half_mean_s	rdkit_half_std_s	rdkit_half_draw_mean	rdkit_half_draw_std	rdkit_full_mean_s	rdkit_full_std_s	rdkit_full_draw_mean	rdkit_full_draw_std
CC(=O)Oc1ccccc1C(=O)O	13	304	0.005496239156595298	0.00011724024574259992	0.011512707419959562	0.0011071540334180955	0.012576225147183453	0.0012809210830505447	0.004215099699130016	0.0003962042956578112	230	18.752777572046938	0.055879701560895355	0.016799246926343925	3086.714285714286	921.832543412977
C1CC2(CCO1)CO2	8	36	0.002138056143719171	2.014879183286508e-05	0.0034561814307900412	6.432379629824626e-05	0.003191295138094574	0.0002522942334100919	0.00026490185908707123	2.3287907933313587e-05	23	1.8257418583505538	0.0017525349976494908	0.00044122124179832084	155.57142857142858	35.795051533497116
CN1CCC[C@H]1c1cccnc1	12	136	0.00832533957769296	0.00019065819706692616	0.010908563729442124	0.0006911401233040686	0.010754425718914717	0.000528735918398501	0.0018349169986322522	0.00017127632259349707	97.42857142857143	8.715066319448232	0.018450474574430182	0.0031467597523061174	987.8571428571429	169.91314307750355
CNC(=O)O/N=C(\C)SC	10	72	0.005805855425673404	7.644458876335921e-05	0.018836669008513645	0.0014112857717336815	0.018213712718404298	0.0009207911273768462	0.0005518709908106498	2.2330319279173905e-05	44.142857142857146	2.4784787961282104	0.006031859699370605	0.0015815559802831046	483	122.30699080592245
N[C@@H](Cc1ccc(O)c(O)c1)C(=O)O	14	688	0.014988572561248605	0.00035645035789105535	0.029667728297811533	0.0015768190308391883	0.026164136569215252	0.0017876477002551532	0.009920696569939278	0.00036553808602401294	514.2857142857143	12.893335303097304	0.1496305787170838	0.04685352799529375	7946.714285714285	2448.577731002613
COc1ccc2cc([C@H](C)C(=O)O)ccc2c1	17	1504	0.028589079281248684	0.000639787281457741	0.0624638592957386	0.004013345995534974	0.0603368265687355	0.0026856884804013553	0.026114294297128384	0.0008040246486639685	1143	34.02450097601237	0.5643757479930562	0.11389649277008479	24406.285714285714	4916.17563811159
