molecule	atoms	support	enum_mean_s	enum_std_s	decoder_mean_s	decoder_std_s	determinized_decoder_mean_s	determinized_decoder_std_s	rdkit_half_mean_s	rdkit_half_std_s	rdkit_half_draw_mean	rdkit_half_draw_std	rdkit_full_mean_s	rdkit_full_std_s	rdkit_full_draw_mean	rdkit_full_draw_std
CC(=O)Oc1ccccc1C(=O)O	13	304	0.005707093289986785	8.6801766517709e-05	0.010907290852628648	5.225063459021387e-05	0.011332050414888986	0.00028467838606647145	0.004016657576097974	0.0003224952305353949	230	18.752777572046938	0.05335951985658279	0.01584778018722895	3086.714285714286	921.832543412977
C1CC2(CCO1)CO2	8	36	0.0021713494373086306	2.1669283004840542e-05	0.003564226008685572	0.0005994385304831136	0.0031663828579309794	0.0002659270829264428	0.0002640382735989988	3.0009607157586076e-05	23	1.8257418583505538	0.001771157416182437	0.0004000931957006341	155.57142857142858	35.795051533497116
CN1CCC[C@H]1c1cccnc1	12	136	0.008226573159585573	0.00018985366183462847	0.010652198007197253	0.00012701742860912678	0.010355769997529154	3.54911247367625e-05	0.0017549515635307347	0.00016081659353177948	97.42857142857143	8.715066319448232	0.017608816003693	0.0030030099381182624	987.8571428571429	169.91314307750355
CNC(=O)O/N=C(\C)SC	10	72	0.005609928721761597	0.0001603921458845946	0.018313430424313992	0.00013691143647619108	0.017362167277107283	9.007048417462191e-05	0.0005887408624403179	8.878579808179184e-05	44.142857142857146	2.4784787961282104	0.005832435006076204	0.0014571821699872632	483	122.30699080592245
N[C@@H](Cc1ccc(O)c(O)c1)C(=O)O	14	688	0.014647816299527352	0.00011896820238958254	0.027025093723620688	0.00028888780812041205	0.02424164141328739	0.0003528958307109834	0.010027085988050593	0.0004126141272090559	514.2857142857143	12.893335303097304	0.15271412557922304	0.04697596198241734	7946.714285714285	2448.577731002613
COc1ccc2cc([C@H](C)C(=O)O)ccc2c1	17	1504	0.029287541152111123	0.0013707704481460683	0.059800668993765224	0.0012978274531090079	0.053419637418950776	0.0014036699246270127	0.02696528658270836	0.0009092429631311003	1143	34.02450097601237	0.5707395128556527	0.11568923851660898	24406.285714285714	4916.17563811159
