molecule	atoms	support	enum_mean_s	enum_std_s	decoder_mean_s	decoder_std_s	determinized_decoder_mean_s	determinized_decoder_std_s	rdkit_half_mean_s	rdkit_half_std_s	rdkit_half_draw_mean	rdkit_half_draw_std	rdkit_full_mean_s	rdkit_full_std_s	rdkit_full_draw_mean	rdkit_full_draw_std
CC(=O)Oc1ccccc1C(=O)O	13	304	0.005364212706418974	8.100962876245064e-05	0.01698645972646773	9.539305758501862e-05	0.016003319569530765	0.00030733396029428313	0.003967931718632046	0.00039395892833255674	230	18.752777572046938	0.051927996707880605	0.015389921271193315	3086.714285714286	921.832543412977
C1CC2(CCO1)CO2	8	36	0.002162015132073845	5.195369282101649e-05	0.0046166004280426675	6.15342625016479e-05	0.0038563739924159434	3.166330850165099e-05	0.00025318773363583853	2.1915150601393663e-05	23	1.8257418583505538	0.0016603378628912782	0.0003796183843848157	155.57142857142858	35.795051533497116
CN1CCC[C@H]1c1cccnc1	12	136	0.008771482846766179	0.00010435653216830614	0.037982665576107265	0.0005508145290048914	0.037468734164057035	0.0005588735715326623	0.00168362315577854	0.00015442047348812024	97.42857142857143	8.715066319448232	0.017011272280277417	0.002901671697580783	987.8571428571429	169.91314307750355
CNC(=O)O/N=C(\C)SC	10	72	0.006350559298880398	0.00021150050851053285	0.029104860582655028	0.00016102676659954194	0.028476823853062733	9.686977384266392e-05	0.0005228108659918819	1.9989760122455353e-05	44.142857142857146	2.4784787961282104	0.005565738022726562	0.001403534326952101	483	122.30699080592245
N[C@@H](Cc1ccc(O)c(O)c1)C(=O)O	14	688	0.019372373860928098	0.0006588788205230816	0.14980110585124098	0.001899816540363323	0.14619791229155712	0.00045592521774434207	0.009347018436528742	0.00020768922206065954	514.2857142857143	12.893335303097304	0.14380288157345994	0.044192296245978854	7946.714285714285	2448.577731002613
COc1ccc2cc([C@H](C)C(=O)O)ccc2c1	17	1504	0.0415318301363316	0.00030883343631639556	0.41169761629342766	0.006033037495336696	0.40557363172826755	0.0046608790170134945	0.025648128432554325	0.0007303572517559909	1143	34.02450097601237	0.5518806890052345	0.11061125518228436	24406.285714285714	4916.17563811159
