molecule	atoms	support	enum_mean_s	enum_std_s	decoder_mean_s	decoder_std_s	determinized_decoder_mean_s	determinized_decoder_std_s	rdkit_half_mean_s	rdkit_half_std_s	rdkit_half_draw_mean	rdkit_half_draw_std	rdkit_full_mean_s	rdkit_full_std_s	rdkit_full_draw_mean	rdkit_full_draw_std
CC(=O)Oc1ccccc1C(=O)O	13	304	0.005851525572195117	0.00023843109672573215	0.018144618711500828	0.0009050715642329564	0.018071780139247755	0.0008504252362869649	0.0041911917090016815	0.00034204552759468275	230	18.752777572046938	0.05787200329359621	0.017114530389604046	3086.714285714286	921.832543412977
C1CC2(CCO1)CO2	8	36	0.0023359039831640466	5.343092721353898e-05	0.0049665889985460255	4.229240705592001e-05	0.004562273579982242	0.0009826232520552005	0.00027233643257724386	2.656582857400602e-05	23	1.8257418583505538	0.0018307700104612326	0.0004083031529569034	155.57142857142858	35.795051533497116
CN1CCC[C@H]1c1cccnc1	12	136	0.010811338999441691	7.700577890441933e-05	0.050685097297121375	0.0015251802787650376	0.04953052714699879	0.001481423431978933	0.0018084095541520842	0.00019120846242973313	97.42857142857143	8.715066319448232	0.01895230997719669	0.0033392721306332684	987.8571428571429	169.91314307750355
CNC(=O)O/N=C(\C)SC	10	72	0.00768672813761181	8.348324971068739e-05	0.041628593138219525	0.002399742957846724	0.04102606871830566	0.0020953295394004054	0.0005608415730031473	2.139169694519284e-05	44.142857142857146	2.4784787961282104	0.005926184414420277	0.0014711465502107964	483	122.30699080592245
N[C@@H](Cc1ccc(O)c(O)c1)C(=O)O	14	688	0.027038809568953832	0.0011986541174550647	0.22307828529405274	0.0027217467848931914	0.2207655685737596	0.001935312646669576	0.010104063723701984	0.0010080289195602311	514.2857142857143	12.893335303097304	0.1521340397219839	0.0471359451973317	7946.714285714285	2448.577731002613
COc1ccc2cc([C@H](C)C(=O)O)ccc2c1	17	1504	0.05932571698212996	0.0017502163091158863	0.5845961772886638	0.005587824628529639	0.5941637551295571	0.009038797921706674	0.02685197814467496	0.0013237653163459503	1143	34.02450097601237	0.5814952715715792	0.11637070838902625	24406.285714285714	4916.17563811159
