molecule	atoms	support	enum_mean_s	enum_std_s	decoder_mean_s	decoder_std_s	determinized_decoder_mean_s	determinized_decoder_std_s	rdkit_half_mean_s	rdkit_half_std_s	rdkit_half_draw_mean	rdkit_half_draw_std	rdkit_full_mean_s	rdkit_full_std_s	rdkit_full_draw_mean	rdkit_full_draw_std
CC(=O)Oc1ccccc1C(=O)O	13	304	0.00597638771536627	0.00025843382708384013	0.05514850843298648	0.001092332120641811	0.02919736072154982	0.0009704157204146389	0.0042864819905454555	0.00029135022275107394	230	18.752777572046938	0.05703845156157123	0.017529848635801596	3086.714285714286	921.832543412977
C1CC2(CCO1)CO2	8	36	0.0027024432783946395	0.00012393424595186328	0.016909151138471707	6.27797683872883e-05	0.0061782122938893735	7.933185224665053e-05	0.00030856598667534333	5.355543806874697e-05	23	1.8257418583505538	0.001909702001804752	0.00042614858248810235	155.57142857142858	35.795051533497116
CN1CCC[C@H]1c1cccnc1	12	136	0.011766379291657358	0.00033044015901406026	0.10914469956021224	0.004182146423404685	0.11144792714289256	0.0018539468351416821	0.0018933304319424288	0.00017371546200137627	97.42857142857143	8.715066319448232	0.019139165283247297	0.003362508063275814	987.8571428571429	169.91314307750355
CNC(=O)O/N=C(\C)SC	10	72	0.0082793618535756	0.00014670932498634347	0.08886955671810678	0.0027558080283684176	0.08431108913750254	0.0014059438477746554	0.0005706748509380434	1.8219432324876957e-05	44.142857142857146	2.4784787961282104	0.006038818574909653	0.0015069545734204112	483	122.30699080592245
N[C@@H](Cc1ccc(O)c(O)c1)C(=O)O	14	688	0.03191555086024372	0.0006539495078632115	0.5811671285690474	0.010542536342644323	0.5845850672922097	0.012186619877510614	0.010264635002905769	0.00019291965545584805	514.2857142857143	12.893335303097304	0.1563265132800942	0.049122896055301145	7946.714285714285	2448.577731002613
COc1ccc2cc([C@H](C)C(=O)O)ccc2c1	17	1504	0.07149483784866918	0.0017445391001517882	1.5839973104385925	0.029543601523821794	1.5193357162726377	0.011510230550412117	0.027419442577021464	0.001034558763086372	1143	34.02450097601237	0.5867831394176132	0.11715543885793765	24406.285714285714	4916.17563811159
