molecule	atoms	support	enum_mean_s	enum_std_s	decoder_mean_s	decoder_std_s	determinized_decoder_mean_s	determinized_decoder_std_s	rdkit_half_mean_s	rdkit_half_std_s	rdkit_half_draw_mean	rdkit_half_draw_std	rdkit_full_mean_s	rdkit_full_std_s	rdkit_full_draw_mean	rdkit_full_draw_std
CC(=O)Oc1ccccc1C(=O)O	13	304	0.005607433849945664	0.00014282712293952086	0.028611501279686178	0.0007972298061067359	0.027547040280686424	0.0005300518131500907	0.0042524218442849815	0.00030691590217331506	230	18.752777572046938	0.05445383085835991	0.015870604640982486	3086.714285714286	921.832543412977
C1CC2(CCO1)CO2	8	36	0.0022811294267220156	0.00013764885284707015	0.006672355587527688	0.00044042117977591516	0.005242064994360719	0.0002992358763143607	0.0002646851519654904	2.4633254498598454e-05	23	1.8257418583505538	0.0017698707275225648	0.00038328030996488655	155.57142857142858	35.795051533497116
CN1CCC[C@H]1c1cccnc1	12	136	0.011489041432339166	0.0005667087037070053	0.10732709613928039	0.0008383446313908797	0.1079142678395978	0.002085188570546432	0.0017776267237163015	0.00016715551277829408	97.42857142857143	8.715066319448232	0.01798012456856668	0.003238046470078679	987.8571428571429	169.91314307750355
CNC(=O)O/N=C(\C)SC	10	72	0.007980914154489125	0.000268635365855736	0.0843486937311744	0.001631336125636025	0.08371582499239594	0.0014949793415854238	0.0005712444212154619	4.4502548227154085e-05	44.142857142857146	2.4784787961282104	0.005866486845271928	0.0014254120732482918	483	122.30699080592245
N[C@@H](Cc1ccc(O)c(O)c1)C(=O)O	14	688	0.031174219288264533	0.0010592097986905098	0.5580970101374467	0.0020708430174243534	0.574203048142538	0.019503710893540367	0.009750504279509187	0.00017846188873296505	514.2857142857143	12.893335303097304	0.15004274143471516	0.04596696245590113	7946.714285714285	2448.577731002613
COc1ccc2cc([C@H](C)C(=O)O)ccc2c1	17	1504	0.06985256999697802	0.000665078079517174	1.5280449882931342	0.011615715651179305	1.5363331401271612	0.017258729051964912	0.02767653572040477	0.001585965836037081	1143	34.02450097601237	0.586993269996518	0.11785570027013494	24406.285714285714	4916.17563811159
