molecule	atoms	support	enum_mean_s	enum_std_s	decoder_mean_s	decoder_std_s	determinized_decoder_mean_s	determinized_decoder_std_s	rdkit_half_mean_s	rdkit_half_std_s	rdkit_half_draw_mean	rdkit_half_draw_std	rdkit_full_mean_s	rdkit_full_std_s	rdkit_full_draw_mean	rdkit_full_draw_std
CC(=O)Oc1ccccc1C(=O)O	13	304	0.0062015824286001065	0.0009007090790381034	0.011254737719095178	0.000603429541749239	0.011506954266224056	0.0003747192423077306	0.004027758009864816	0.0003175361239331325	230	18.752777572046938	0.053634403564501554	0.01589127106965567	3086.714285714286	921.832543412977
C1CC2(CCO1)CO2	8	36	0.002308773126320115	4.189644730893051e-05	0.0037212092762014697	0.0006294589678152232	0.003264523418952844	4.755629053522284e-05	0.0002650478605314025	2.493243245018366e-05	23	1.8257418583505538	0.0017363377098393226	0.00040717771013163106	155.57142857142858	35.795051533497116
CN1CCC[C@H]1c1cccnc1	12	136	0.00826173713098147	0.00010615226751156989	0.01073443329161299	9.527586868245874e-05	0.01021613713653226	0.00017797341738249182	0.0017613147169218532	0.000164184963702141	97.42857142857143	8.715066319448232	0.017502909443075105	0.0030197274859779925	987.8571428571429	169.91314307750355
CNC(=O)O/N=C(\C)SC	10	72	0.006051734863181731	0.0009788846775087225	0.018127895426005125	0.0006015018684666355	0.016928019708887274	0.00010162871199376436	0.000541965152868735	2.1933246884635706e-05	44.142857142857146	2.4784787961282104	0.005776494866170522	0.001466926170606808	483	122.30699080592245
N[C@@H](Cc1ccc(O)c(O)c1)C(=O)O	14	688	0.014395387577159064	0.00023792920154275666	0.0270617384230718	0.0006925917809514444	0.023917850007170012	0.00015824002635062397	0.00981324543577752	0.0002482538817995656	514.2857142857143	12.893335303097304	0.15172265455891779	0.04735017612612189	7946.714285714285	2448.577731002613
COc1ccc2cc([C@H](C)C(=O)O)ccc2c1	17	1504	0.029630429577082396	0.001187558910010296	0.05995036086200604	0.0017414521148805854	0.05329221157756235	0.001445275750577337	0.027342770705997412	0.0015867525181598007	1143	34.02450097601237	0.5696425258564497	0.11606050946436122	24406.285714285714	4916.17563811159
