molecule	atoms	support	enum_mean_s	enum_std_s	decoder_mean_s	decoder_std_s	determinized_decoder_mean_s	determinized_decoder_std_s	rdkit_half_mean_s	rdkit_half_std_s	rdkit_half_draw_mean	rdkit_half_draw_std	rdkit_full_mean_s	rdkit_full_std_s	rdkit_full_draw_mean	rdkit_full_draw_std
CC(=O)Oc1ccccc1C(=O)O	13	304	0.00579283299157396	0.0011448030150369565	0.018203017992034023	0.0013431830681508558	0.01777492486040241	0.0006838441033770624	0.004521688138733485	0.0003125264455445683	230	18.752777572046938	0.05827737200473036	0.017489842453682646	3086.714285714286	921.832543412977
C1CC2(CCO1)CO2	8	36	0.0026974852911994924	0.0009468531260575868	0.005067416874226183	8.643956923699796e-05	0.004230439571464168	2.3263581205371805e-05	0.00027962828088285666	2.4631444035590237e-05	23	1.8257418583505538	0.0022371948580257595	0.0013336906699953379	155.57142857142858	35.795051533497116
CN1CCC[C@H]1c1cccnc1	12	136	0.01152087329787069	0.0005075074550164822	0.052200183139315674	0.0019902553645134227	0.05145456299318799	0.002279345648612316	0.0018981989955396525	0.00015856390676038154	97.42857142857143	8.715066319448232	0.01911379213977073	0.003316636993111165	987.8571428571429	169.91314307750355
CNC(=O)O/N=C(\C)SC	10	72	0.007961826723268521	0.0003323262580907743	0.04148124871842031	0.0006663777733736477	0.041976390714158436	0.0010645583740604308	0.0005985078418494336	3.0242925909375626e-05	44.142857142857146	2.4784787961282104	0.006299468430890036	0.0016262242001287537	483	122.30699080592245
N[C@@H](Cc1ccc(O)c(O)c1)C(=O)O	14	688	0.027546155150048435	0.0010555498952607074	0.21937912272655272	0.0017900460761305966	0.2181124905723014	0.001756575183164778	0.009869800273528588	0.00021994934693839803	514.2857142857143	12.893335303097304	0.15352543371097585	0.04803421541079051	7946.714285714285	2448.577731002613
COc1ccc2cc([C@H](C)C(=O)O)ccc2c1	17	1504	0.05724077527078667	0.0006614396135972766	0.5817594359978102	0.003371807532383579	0.5746973002845023	0.00468692599635217	0.027436920716094652	0.0006881402249562356	1143	34.02450097601237	0.5845369362754614	0.11574246994361068	24406.285714285714	4916.17563811159
