molecule	atoms	support	enum_mean_s	enum_std_s	decoder_mean_s	decoder_std_s	determinized_decoder_mean_s	determinized_decoder_std_s	rdkit_half_mean_s	rdkit_half_std_s	rdkit_half_draw_mean	rdkit_half_draw_std	rdkit_full_mean_s	rdkit_full_std_s	rdkit_full_draw_mean	rdkit_full_draw_std
CC(=O)Oc1ccccc1C(=O)O	13	304	0.005598518573346415	0.0001438325853413327	0.010694205860740371	0.00023632742785811495	0.011497672555768597	0.0003585230892236198	0.00411493400211579	0.0003127523303539776	230	18.752777572046938	0.05537216801894829	0.016673216012868728	3086.714285714286	921.832543412977
C1CC2(CCO1)CO2	8	36	0.002287524852103421	1.8594779024232623e-05	0.0035184324286612017	8.087804918718597e-05	0.0032025009942507105	2.428766205557493e-05	0.0002687439971071269	2.6833437329323273e-05	23	1.8257418583505538	0.0018109297047236136	0.0004207129247220163	155.57142857142858	35.795051533497116
CN1CCC[C@H]1c1cccnc1	12	136	0.008414238874268318	9.108343005188035e-05	0.010831547277380846	9.758788682237267e-05	0.010448245414798813	8.008687895414069e-05	0.0018157216919852154	0.0001690815059713906	97.42857142857143	8.715066319448232	0.01811832672683522	0.0030846366461756494	987.8571428571429	169.91314307750355
CNC(=O)O/N=C(\C)SC	10	72	0.005690662872179278	0.0001549711919219568	0.017634375145592327	0.0002425781048871372	0.017791126006548957	0.0001393539272613953	0.0005456322853985642	2.1819481977510436e-05	44.142857142857146	2.4784787961282104	0.005931571708060801	0.001526612223897644	483	122.30699080592245
N[C@@H](Cc1ccc(O)c(O)c1)C(=O)O	14	688	0.014900273593541766	0.00011657816692841533	0.0254755761540894	0.00028167656230906554	0.023305268134988313	0.00011662280592379094	0.009612150007991918	0.0003103338975798715	514.2857142857143	12.893335303097304	0.1451725005587962	0.04398475963909578	7946.714285714285	2448.577731002613
COc1ccc2cc([C@H](C)C(=O)O)ccc2c1	17	1504	0.02774377686104604	0.0007441781503207604	0.05466031398723966	0.0011586812657577322	0.05082219614580806	0.0009091083781633091	0.026039781572762877	0.0008106677119896535	1143	34.02450097601237	0.5502869494292619	0.10940323569773742	24406.285714285714	4916.17563811159
