molecule	atoms	support	enum_mean_s	enum_std_s	decoder_mean_s	decoder_std_s	determinized_decoder_mean_s	determinized_decoder_std_s	rdkit_half_mean_s	rdkit_half_std_s	rdkit_half_draw_mean	rdkit_half_draw_std	rdkit_full_mean_s	rdkit_full_std_s	rdkit_full_draw_mean	rdkit_full_draw_std
CC(=O)Oc1ccccc1C(=O)O	13	304	0.005568718712311238	0.00011024139754805634	0.013307338148089392	0.0005981701077801265	0.013332058717164077	0.0006344250676585581	0.004100512721509274	0.000311157661511585	230	18.752777572046938	0.05521794828486496	0.016562671215757545	3086.714285714286	921.832543412977
C1CC2(CCO1)CO2	8	36	0.0022832117143220137	7.970189389187637e-05	0.0037723184297127382	4.0414592990306086e-05	0.003486755578446069	0.0001657961282321682	0.0002605744354825999	2.3470416075843142e-05	23	1.8257418583505538	0.0017371517273464373	0.0004219810994796358	155.57142857142858	35.795051533497116
CN1CCC[C@H]1c1cccnc1	12	136	0.008614463557023555	0.0012382384494450138	0.01211902715398797	0.0005493998932919705	0.011586536861224366	0.001139140602226673	0.0019630612722331925	0.00041743857468689455	97.42857142857143	8.715066319448232	0.018079161303051348	0.003144005308078121	987.8571428571429	169.91314307750355
CNC(=O)O/N=C(\C)SC	10	72	0.00580130928262536	0.0010339091332018462	0.017973056869647865	0.0006807487619917491	0.01840321099319096	0.0010807669009096034	0.000642216282098421	0.0002898730104742214	44.142857142857146	2.4784787961282104	0.005833669998017805	0.0014855674697878518	483	122.30699080592245
N[C@@H](Cc1ccc(O)c(O)c1)C(=O)O	14	688	0.014793008000456862	0.0006267486570988717	0.0318702388654596	0.0022677632723939567	0.02945406028967617	0.0014289042935752407	0.010000878005355065	0.00023057123461252868	514.2857142857143	12.893335303097304	0.15559239529206284	0.04786962801933767	7946.714285714285	2448.577731002613
COc1ccc2cc([C@H](C)C(=O)O)ccc2c1	17	1504	0.029516683858154074	0.000934913525479771	0.07200519456195512	0.0032563254321816308	0.06710579914007601	0.002728614999940607	0.02779741828063769	0.0007498014181375877	1143	34.02450097601237	0.5996394629972721	0.12364704343672327	24406.285714285714	4916.17563811159
