molecule	atoms	support	enum_mean_s	enum_std_s	decoder_mean_s	decoder_std_s	determinized_decoder_mean_s	determinized_decoder_std_s	rdkit_half_mean_s	rdkit_half_std_s	rdkit_half_draw_mean	rdkit_half_draw_std	rdkit_full_mean_s	rdkit_full_std_s	rdkit_full_draw_mean	rdkit_full_draw_std
CC(=O)Oc1ccccc1C(=O)O	13	304	0.005571290285193494	0.0004261275010048685	0.01862083498521575	0.0017405785591352151	0.01735389485423054	0.001612066249442002	0.004072615860163101	0.0002710471747537788	230	18.752777572046938	0.05423736443377233	0.016168604892510353	3086.714285714286	921.832543412977
C1CC2(CCO1)CO2	8	36	0.002182212159303682	4.5373895576266766e-05	0.004799111430267138	4.6107824603360906e-05	0.004250859850019749	0.00042229514161041393	0.0002664272823104901	2.5838948635370024e-05	23	1.8257418583505538	0.0017777385655790567	0.00043235629257357047	155.57142857142858	35.795051533497116
CN1CCC[C@H]1c1cccnc1	12	136	0.011591683715648417	0.0007657673208910417	0.057832479992482276	0.003112383715248618	0.05860191243534375	0.00219643481112017	0.00176919943520001	0.00018120871965454966	97.42857142857143	8.715066319448232	0.017901999443503364	0.0029993582067727844	987.8571428571429	169.91314307750355
CNC(=O)O/N=C(\C)SC	10	72	0.0077224848542495495	2.8689602492540524e-05	0.045401635696180165	0.0020156996354303352	0.04485807842242399	0.0022813067554680612	0.000548203001796667	3.061405839340021e-05	44.142857142857146	2.4784787961282104	0.005756350142681705	0.0014399817447745327	483	122.30699080592245
N[C@@H](Cc1ccc(O)c(O)c1)C(=O)O	14	688	0.03069274715380743	0.0013416626297230185	0.276728935157215	0.0025597264525447465	0.27365582729856086	0.004707027249275472	0.009638748306315392	0.00023191170231454494	514.2857142857143	12.893335303097304	0.14969316972253313	0.04588274513502346	7946.714285714285	2448.577731002613
COc1ccc2cc([C@H](C)C(=O)O)ccc2c1	17	1504	0.06532384270602572	0.0016081472455250255	0.7337402885729846	0.00635423814482469	0.7299206471486416	0.008399350682166377	0.02653968258528039	0.0016988241039922643	1143	34.02450097601237	0.5646912424376102	0.11551433573397063	24406.285714285714	4916.17563811159
