molecule	atoms	support	enum_mean_s	enum_std_s	decoder_mean_s	decoder_std_s	determinized_decoder_mean_s	determinized_decoder_std_s	rdkit_half_mean_s	rdkit_half_std_s	rdkit_half_draw_mean	rdkit_half_draw_std	rdkit_full_mean_s	rdkit_full_std_s	rdkit_full_draw_mean	rdkit_full_draw_std
CC(=O)Oc1ccccc1C(=O)O	13	304	0.005681113855514143	0.00015136063752391215	0.018559438999675746	0.0003180729521645568	0.017026253003028353	0.00010143434060050402	0.004124809156305024	0.0003333129800082195	230	18.752777572046938	0.05538218571538372	0.016501042567034996	3086.714285714286	921.832543412977
C1CC2(CCO1)CO2	8	36	0.002336286291080926	2.2064390426539406e-05	0.004925535709064986	7.517696882464078e-05	0.004085564553471548	2.5212376069218892e-05	0.00026880244591406414	2.8110200129055103e-05	23	1.8257418583505538	0.0017876372855555797	0.00040676564409372574	155.57142857142858	35.795051533497116
CN1CCC[C@H]1c1cccnc1	12	136	0.009824682426239763	6.937213114282568e-05	0.04322746743647648	0.0004635291362132267	0.04232778129101332	0.0004211486553368512	0.001815027723621045	0.00016935143657359814	97.42857142857143	8.715066319448232	0.018148161429313144	0.00310769588771364	987.8571428571429	169.91314307750355
CNC(=O)O/N=C(\C)SC	10	72	0.007305284562919821	5.510525801692313e-05	0.035581052727398595	0.0005692527144470793	0.033638762143839686	0.0006183290725087055	0.0005288470004286085	1.7397103551723744e-05	44.142857142857146	2.4784787961282104	0.005689131711343569	0.0013522247074079174	483	122.30699080592245
N[C@@H](Cc1ccc(O)c(O)c1)C(=O)O	14	688	0.02244870929280296	0.00040713477800486384	0.17675957230884315	0.000708272334245253	0.17384010301403968	0.0005234971584797858	0.009607468141309385	0.0002561538519392508	514.2857142857143	12.893335303097304	0.14743851999186777	0.04560224155476466	7946.714285714285	2448.577731002613
COc1ccc2cc([C@H](C)C(=O)O)ccc2c1	17	1504	0.0483604528458922	0.00014916713588099744	0.4750510597119241	0.0036327430692224016	0.4697496378544851	0.0025107087487754457	0.026252561864177033	0.0008457124184957618	1143	34.02450097601237	0.5609246259970989	0.11258783868329177	24406.285714285714	4916.17563811159
