molecule	atoms	support	enum_mean_s	enum_std_s	decoder_mean_s	decoder_std_s	determinized_decoder_mean_s	determinized_decoder_std_s	rdkit_half_mean_s	rdkit_half_std_s	rdkit_half_draw_mean	rdkit_half_draw_std	rdkit_full_mean_s	rdkit_full_std_s	rdkit_full_draw_mean	rdkit_full_draw_std
CC(=O)Oc1ccccc1C(=O)O	13	304	0.005675181280821562	9.187112448433858e-05	0.018150354851968586	0.0007172598780483812	0.016444664997314767	0.00018973303841544648	0.003986187428901238	0.00031328005799249685	230	18.752777572046938	0.05448590127551662	0.015612540710008933	3086.714285714286	921.832543412977
C1CC2(CCO1)CO2	8	36	0.00215882871166936	4.3607415673048686e-05	0.005339675275276282	0.00033843771000423805	0.004182149697693863	0.000268641268227986	0.0002598509890958667	2.562752797129577e-05	23	1.8257418583505538	0.0017509548675401934	0.00038829735070015155	155.57142857142858	35.795051533497116
CN1CCC[C@H]1c1cccnc1	12	136	0.009165017000798668	0.0001055342291432629	0.03915721785909097	0.0029788067444306743	0.03777648485265672	0.0020829505473890855	0.0017462318729875343	0.0001770683314403999	97.42857142857143	8.715066319448232	0.018387860144555037	0.0034715413356259726	987.8571428571429	169.91314307750355
CNC(=O)O/N=C(\C)SC	10	72	0.007110569983654257	0.0010124656881924318	0.03138355000243921	0.0017581008454721153	0.030998545299683298	0.001585433924572456	0.0005603361392526754	2.1459424518235485e-05	44.142857142857146	2.4784787961282104	0.00588367142648037	0.0014627656648258426	483	122.30699080592245
N[C@@H](Cc1ccc(O)c(O)c1)C(=O)O	14	688	0.022758463713606552	0.0014377080950678986	0.15191616256821103	0.0027995410751639536	0.14627673857778842	0.0026095333934278895	0.010383053009198713	0.0009990860831091614	514.2857142857143	12.893335303097304	0.15260342442862956	0.046872251772611624	7946.714285714285	2448.577731002613
COc1ccc2cc([C@H](C)C(=O)O)ccc2c1	17	1504	0.04514061857480556	0.0024124590447748904	0.39811560114945416	0.005573751770996613	0.3922597719938494	0.005206978534813886	0.02705073029833979	0.0007737741755473596	1143	34.02450097601237	0.5894707999957193	0.11497926263008275	24406.285714285714	4916.17563811159
