molecule	atoms	support	enum_mean_s	enum_std_s	decoder_mean_s	decoder_std_s	determinized_decoder_mean_s	determinized_decoder_std_s	rdkit_half_mean_s	rdkit_half_std_s	rdkit_half_draw_mean	rdkit_half_draw_std	rdkit_full_mean_s	rdkit_full_std_s	rdkit_full_draw_mean	rdkit_full_draw_std
CC(=O)Oc1ccccc1C(=O)O	13	304	0.005363246991432139	0.00013621209062152434	0.017601371011031524	0.0017141672443918106	0.015805210136542364	9.250540470768363e-05	0.0038346278514446957	0.00030908881075899966	230	18.752777572046938	0.05105628613715193	0.015243002719617545	3086.714285714286	921.832543412977
C1CC2(CCO1)CO2	8	36	0.0021501174362908515	2.0761157002607045e-05	0.004642310718606625	4.7076379857600034e-05	0.003938924429738628	6.789563557867594e-05	0.0002548349938089294	2.6498549831665006e-05	23	1.8257418583505538	0.0016785201483539172	0.0003817614775239469	155.57142857142858	35.795051533497116
CN1CCC[C@H]1c1cccnc1	12	136	0.00818688643630594	0.00010437472391125162	0.031091078300960362	0.0008365921501045106	0.030230593285523355	0.0005703011699578113	0.0016770191390865616	0.00016788426554455461	97.42857142857143	8.715066319448232	0.01681316313001194	0.002881250913965478	987.8571428571429	169.91314307750355
CNC(=O)O/N=C(\C)SC	10	72	0.005433237995021045	0.00011623161999761826	0.02168894526714991	0.0004941285571209078	0.021382984405915652	0.0005018857464486766	0.0005223551332684499	1.953821725396926e-05	44.142857142857146	2.4784787961282104	0.005552491863324706	0.0014063961351496364	483	122.30699080592245
N[C@@H](Cc1ccc(O)c(O)c1)C(=O)O	14	688	0.01647533697541803	0.0004214834201013944	0.10567119028252948	0.0005275245897139547	0.10404891330316397	0.000623756134054273	0.009475243701932154	0.0002358595199405682	514.2857142857143	12.893335303097304	0.14505607971555687	0.043921164950017	7946.714285714285	2448.577731002613
COc1ccc2cc([C@H](C)C(=O)O)ccc2c1	17	1504	0.03391614000845168	0.0002778111685653099	0.2952848048631235	0.004669038510937212	0.29229604913520496	0.003403302787042404	0.02584543386806867	0.0007700907732318201	1143	34.02450097601237	0.5668919641507922	0.12040338523616231	24406.285714285714	4916.17563811159
