molecule	atoms	support	enum_mean_s	enum_std_s	decoder_mean_s	decoder_std_s	determinized_decoder_mean_s	determinized_decoder_std_s	rdkit_half_mean_s	rdkit_half_std_s	rdkit_half_draw_mean	rdkit_half_draw_std	rdkit_full_mean_s	rdkit_full_std_s	rdkit_full_draw_mean	rdkit_full_draw_std
CC(=O)Oc1ccccc1C(=O)O	13	304	0.006131047998288912	0.00048286974679121613	0.01845034013967961	0.0010905441207770391	0.01696771285164037	0.00030198731516959765	0.003975837433245033	0.00035486271927405693	230	18.752777572046938	0.05505800141587055	0.016471311503226803	3086.714285714286	921.832543412977
C1CC2(CCO1)CO2	8	36	0.0024526522860729267	0.0005308145980540352	0.005515716861866947	0.0009056616880531675	0.004165825841482729	7.180180264189908e-05	0.0002690871645297323	2.4362444066085374e-05	23	1.8257418583505538	0.001781025277783296	0.0003925744389923786	155.57142857142858	35.795051533497116
CN1CCC[C@H]1c1cccnc1	12	136	0.010984287855015802	0.0004017439657277599	0.05219293213615726	0.0012739162077779877	0.05161047400075144	0.0010154317489135935	0.0019531564404522733	0.0002787484987025778	97.42857142857143	8.715066319448232	0.018329696289064095	0.003055867515793408	987.8571428571429	169.91314307750355
CNC(=O)O/N=C(\C)SC	10	72	0.008079514007217117	0.0007653972469691138	0.040906605136115104	0.0018427806346927146	0.03934543543229146	0.0005404489920649524	0.0005286708474159241	2.0888442443256373e-05	44.142857142857146	2.4784787961282104	0.005582891720613199	0.0014008867524071523	483	122.30699080592245
N[C@@H](Cc1ccc(O)c(O)c1)C(=O)O	14	688	0.02838760586122849	0.0009362245758817851	0.23533295857487246	0.004210283361391754	0.2383905914279499	0.0018258172502689785	0.009721025142685644	0.0002421985788912187	514.2857142857143	12.893335303097304	0.15075424670275034	0.04573351898410014	7946.714285714285	2448.577731002613
COc1ccc2cc([C@H](C)C(=O)O)ccc2c1	17	1504	0.06445521600211837	0.0020221402981286545	0.6289693155725088	0.00890247022133482	0.6340105832953539	0.011127212539314263	0.027059088569200997	0.0010686524773191534	1143	34.02450097601237	0.5754641111457853	0.12690340915375342	24406.285714285714	4916.17563811159
