molecule	atoms	support	enum_mean_s	enum_std_s	decoder_mean_s	decoder_std_s	determinized_decoder_mean_s	determinized_decoder_std_s	rdkit_half_mean_s	rdkit_half_std_s	rdkit_half_draw_mean	rdkit_half_draw_std	rdkit_full_mean_s	rdkit_full_std_s	rdkit_full_draw_mean	rdkit_full_draw_std
CC(=O)Oc1ccccc1C(=O)O	13	304	0.006763249868527055	0.0008709069531391784	0.027243556421516196	0.000628798677936469	0.026335823283131634	0.0011081337194120472	0.004531216001071568	0.0005356005771285194	230	18.752777572046938	0.061135382283412455	0.01788517015587215	3086.714285714286	921.832543412977
C1CC2(CCO1)CO2	8	36	0.0026381838501298	0.0001892014695765505	0.007384567147320402	0.00083361881148454	0.0053167675671699855	0.0002621632066943193	0.0003330258602675583	7.95382758026938e-05	23	1.8257418583505538	0.0020238881282109234	0.00045907511381870314	155.57142857142858	35.795051533497116
CN1CCC[C@H]1c1cccnc1	12	136	0.013175102291695242	0.0006106024262990754	0.0748686126982128	0.0007518743333819825	0.07430427785896297	0.001579099319272647	0.002119502559902945	0.00028166020350868753	97.42857142857143	8.715066319448232	0.021520253703264252	0.0034745351914109565	987.8571428571429	169.91314307750355
CNC(=O)O/N=C(\C)SC	10	72	0.008963441559379655	0.0003795781786310268	0.0563262581293072	0.0007137090470694382	0.05494800143476043	0.0007045081353760028	0.0006365754358869578	2.2667737301970313e-05	44.142857142857146	2.4784787961282104	0.00678646271782262	0.0015765000035774994	483	122.30699080592245
N[C@@H](Cc1ccc(O)c(O)c1)C(=O)O	14	688	0.03732048602042986	0.0006491598028991619	0.3715733271341638	0.0041805037955037275	0.37317558743026374	0.0016845234992016408	0.011647407722193748	0.00021090455372169524	514.2857142857143	12.893335303097304	0.1776734419981949	0.053974188382516566	7946.714285714285	2448.577731002613
COc1ccc2cc([C@H](C)C(=O)O)ccc2c1	17	1504	0.08177936571883038	0.003925030210384052	1.0111633758559557	0.014144212897994867	1.0076205457277996	0.015472649097699995	0.032549368417156596	0.0007624163218740697	1143	34.02450097601237	0.6843428350153512	0.137482726233868	24406.285714285714	4916.17563811159
