molecule	atoms	support	enum_mean_s	enum_std_s	decoder_mean_s	decoder_std_s	determinized_decoder_mean_s	determinized_decoder_std_s	rdkit_half_mean_s	rdkit_half_std_s	rdkit_half_draw_mean	rdkit_half_draw_std	rdkit_full_mean_s	rdkit_full_std_s	rdkit_full_draw_mean	rdkit_full_draw_std
CC(=O)Oc1ccccc1C(=O)O	13	304	0.005446940860045808	0.00017505474420641932	0.018865739286411554	0.0012632974553385917	0.01758775400230661	0.0006551258617333799	0.004116281434627516	0.0003264282438030344	230	18.752777572046938	0.054601186861483644	0.016204011382566712	3086.714285714286	921.832543412977
C1CC2(CCO1)CO2	8	36	0.0023444501400393036	2.588833505158902e-05	0.005104022283506181	8.366200445991533e-05	0.004304106297370579	0.00030117009854206927	0.0002673744290534939	2.6569410562292594e-05	23	1.8257418583505538	0.001743045003552522	0.00040411671974628155	155.57142857142858	35.795051533497116
CN1CCC[C@H]1c1cccnc1	12	136	0.010898150994242834	0.00027408329690836627	0.0527295643031331	0.0013949953146448067	0.05044485786597112	0.0006786773829948109	0.001797688301719193	0.00017230796936549544	97.42857142857143	8.715066319448232	0.017979408705806627	0.003276352600629713	987.8571428571429	169.91314307750355
CNC(=O)O/N=C(\C)SC	10	72	0.007517985143100044	0.0001191041002482673	0.04081630799919367	0.0019421273072820944	0.03930855841775026	0.0009450709582997104	0.0005427341259616826	2.5159126833077157e-05	44.142857142857146	2.4784787961282104	0.005658145569863596	0.0013763463794997976	483	122.30699080592245
N[C@@H](Cc1ccc(O)c(O)c1)C(=O)O	14	688	0.027892459433392754	0.0007307860085676448	0.23509110785588355	0.0023463060159910733	0.23315229542952562	0.0012016567242885308	0.009534909423174602	0.0001987147590562668	514.2857142857143	12.893335303097304	0.1465608105645515	0.04546122431772293	7946.714285714285	2448.577731002613
COc1ccc2cc([C@H](C)C(=O)O)ccc2c1	17	1504	0.06224155185710905	0.0010269413817881499	0.6209738928342371	0.004915138059563346	0.6219481801215027	0.011314278208717365	0.026357781707442234	0.001183411186277436	1143	34.02450097601237	0.5644817867100106	0.11565654650919868	24406.285714285714	4916.17563811159
